[
  {
    "nome": "Margherita",
    "tempoPreparazione": 8,
    "reparto": "PIZZERIA",
    "prezzo": 6.50,
    "tipo": "PORTATA"
  },
  {
    "nome": "Diavola",
    "tempoPreparazione": 10,
    "reparto": "PIZZERIA",
    "prezzo": 7.50,
    "tipo": "PORTATA"
  },
  {
    "nome": "Quattro Stagioni",
    "tempoPreparazione": 11,
    "reparto": "PIZZERIA",
    "prezzo": 8.00,
    "tipo": "PORTATA"
  },
  {
    "nome": "Bufala",
    "tempoPreparazione": 9,
    "reparto": "PIZZERIA",
    "prezzo": 8.50,
    "tipo": "PORTATA"
  },
  {
    "nome": "Capricciosa",
    "tempoPreparazione": 10,
    "reparto": "PIZZERIA",
    "prezzo": 8.00,
    "tipo": "PORTATA"
  },
  {
    "nome": "Lasagna",
    "tempoPreparazione": 12,
    "reparto": "CUCINA",
    "prezzo": 9.50,
    "tipo": "PORTATA"
  },
  {
    "nome": "Risotto ai funghi",
    "tempoPreparazione": 14,
    "reparto": "CUCINA",
    "prezzo": 10.00,
    "tipo": "PORTATA"
  },
  {
    "nome": "Spaghetti alla Carbonara",
    "tempoPreparazione": 10,
    "reparto": "CUCINA",
    "prezzo": 9.00,
    "tipo": "PORTATA"
  },
  {
    "nome": "Cotoletta alla milanese",
    "tempoPreparazione": 13,
    "reparto": "CUCINA",
    "prezzo": 11.00,
    "tipo": "PORTATA"
  },
  {
    "nome": "Insalata di mare",
    "tempoPreparazione": 9,
    "reparto": "CUCINA",
    "prezzo": 10.50,
    "tipo": "PORTATA"
  },
  {
    "nome": "Acqua Naturale",
    "tempoPreparazione": 1,
    "reparto": "BAR",
    "prezzo": 1.50,
    "tipo": "BEVANDA"
  },
  {
    "nome": "Acqua Frizzante",
    "tempoPreparazione": 1,
    "reparto": "BAR",
    "prezzo": 1.50,
    "tipo": "BEVANDA"
  },
  {
    "nome": "Coca Cola",
    "tempoPreparazione": 1,
    "reparto": "BAR",
    "prezzo": 2.00,
    "tipo": "BEVANDA"
  },
  {
    "nome": "Birra Bionda",
    "tempoPreparazione": 2,
    "reparto": "BAR",
    "prezzo": 3.50,
    "tipo": "BEVANDA"
  },
  {
    "nome": "Succo d'arancia",
    "tempoPreparazione": 1,
    "reparto": "BAR",
    "prezzo": 2.00,
    "tipo": "BEVANDA"
  },
  {
    "nome": "Caffè espresso",
    "tempoPreparazione": 1,
    "reparto": "BAR",
    "prezzo": 1.20,
    "tipo": "CAFFETTERIA"
  },
  {
    "nome": "Cappuccino",
    "tempoPreparazione": 2,
    "reparto": "BAR",
    "prezzo": 1.80,
    "tipo": "CAFFETTERIA"
  },
  {
    "nome": "Caffè macchiato",
    "tempoPreparazione": 2,
    "reparto": "BAR",
    "prezzo": 1.50,
    "tipo": "CAFFETTERIA"
  },
  {
    "nome": "Latte macchiato",
    "tempoPreparazione": 3,
    "reparto": "BAR",
    "prezzo": 2.00,
    "tipo": "CAFFETTERIA"
  },
  {
    "nome": "Caffè americano",
    "tempoPreparazione": 2,
    "reparto": "BAR",
    "prezzo": 1.70,
    "tipo": "CAFFETTERIA"
  },
  {
    "nome": "Tiramisù",
    "tempoPreparazione": 5,
    "reparto": "CUCINA",
    "prezzo": 4.50,
    "tipo": "DESSERT"
  },
  {
    "nome": "Panna cotta",
    "tempoPreparazione": 4,
    "reparto": "CUCINA",
    "prezzo": 4.00,
    "tipo": "DESSERT"
  },
  {
    "nome": "Cheesecake",
    "tempoPreparazione": 6,
    "reparto": "CUCINA",
    "prezzo": 4.80,
    "tipo": "DESSERT"
  },
  {
    "nome": "Gelato",
    "tempoPreparazione": 3,
    "reparto": "CUCINA",
    "prezzo": 3.50,
    "tipo": "DESSERT"
  },
  {
    "nome": "Torta al cioccolato",
    "tempoPreparazione": 5,
    "reparto": "CUCINA",
    "prezzo": 5.00,
    "tipo": "DESSERT"
  }
]

